0.0,147.0,189.0,0.02
0.0209,147.0,189.0,0.02
0.0418,147.0,189.0,0.02
0.06269999999999999,147.0,189.0,0.02
0.0836,147.0,189.0,0.02
0.1045,147.0,189.0,0.02
0.12539999999999998,147.0,189.0,0.02
0.14629999999999999,147.0,189.0,0.02
0.1672,147.0,189.0,0.02
0.1881,147.0,189.0,0.02
0.209,147.0,189.0,0.02
0.21239999999999998,147.0,189.0,0.02
0.2158,147.0,189.0,0.02
0.2192,147.0,189.0,0.02
0.2226,147.0,189.0,0.02
0.22599999999999998,147.0,189.0,0.02
0.2294,147.0,189.0,0.02
0.2328,147.0,189.0,0.02
0.2362,147.0,189.0,0.02
0.23959999999999998,147.0,189.0,0.02
0.243,147.0,189.0,0.02
0.2477,147.0,189.0,0.02
0.2524,147.0,189.0,0.02
0.2571,147.0,189.0,0.02
0.2618,147.0,189.0,0.02
0.26649999999999996,147.0,189.0,0.02
0.2712,147.0,189.0,0.02
0.2759,147.0,189.0,0.02
0.28059999999999996,147.0,189.0,0.02
0.2853,147.0,189.0,0.02
0.29,147.0,189.0,0.02
0.29309999999999997,147.0,189.0,0.02
0.29619999999999996,147.0,189.0,0.02
0.2993,147.0,189.0,0.02
0.3024,147.0,189.0,0.02
0.3055,147.0,189.0,0.02
0.3086,147.0,189.0,0.02
0.3117,147.0,189.0,0.02
0.3148,147.0,189.0,0.02
0.3179,147.0,189.0,0.02
0.321,147.0,189.0,0.02
0.3244,147.1,189.0,0.02
0.3278,147.2,189.0,0.02
0.3312,147.3,189.0,0.02
0.3346,147.4,189.0,0.02
0.33799999999999997,147.5,189.0,0.02
0.3414,147.6,189.0,0.02
0.3448,147.7,189.0,0.02
0.3482,147.8,189.0,0.02
0.35159999999999997,147.9,189.0,0.02
0.355,148.0,189.0,0.02
0.3586,148.0,188.9,0.02
0.36219999999999997,148.0,188.8,0.02
0.3658,148.0,188.7,0.02
0.3694,148.0,188.6,0.02
0.373,148.0,188.5,0.02
0.3766,148.0,188.4,0.02
0.3802,148.0,188.3,0.02
0.38380000000000003,148.0,188.2,0.02
0.3874,148.0,188.1,0.02
0.391,148.0,188.0,0.02
0.3945,148.1,188.0,0.02
0.398,148.2,188.0,0.02
0.4015,148.3,188.0,0.02
0.405,148.4,188.0,0.02
0.4085,148.5,188.0,0.02
0.412,148.6,188.0,0.02
0.4155,148.7,188.0,0.02
0.419,148.8,188.0,0.02
0.4225,148.9,188.0,0.02
0.426,149.0,188.0,0.02
0.42969999999999997,149.0,188.0,0.02
0.4334,149.0,188.0,0.02
0.4371,149.0,188.0,0.02
0.4408,149.0,188.0,0.02
0.4445,149.0,188.0,0.02
0.4482,149.0,188.0,0.02
0.4519,149.0,188.0,0.02
0.4556,149.0,188.0,0.02
0.45930000000000004,149.0,188.0,0.02
0.463,149.0,188.0,0.02
0.4665,149.0,188.1,0.02
0.47000000000000003,149.0,188.2,0.02
0.47350000000000003,149.0,188.3,0.02
0.47700000000000004,149.0,188.4,0.02
0.48050000000000004,149.0,188.5,0.02
0.484,149.0,188.6,0.02
0.4875,149.0,188.7,0.02
0.491,149.0,188.8,0.02
0.4945,149.0,188.9,0.02
0.498,149.0,189.0,0.02
0.5017,149.0,188.6,0.02
0.5054,149.0,188.2,0.02
0.5091,149.0,187.8,0.02
0.5128,149.0,187.4,0.02
0.5165,149.0,187.0,0.02
0.5202,149.0,186.6,0.02
0.5239,149.0,186.2,0.02
0.5276000000000001,149.0,185.8,0.02
0.5313,149.0,185.4,0.02
0.535,149.0,185.0,0.02
0.5388000000000001,149.1,184.9,0.02
0.5426,149.2,184.8,0.02
0.5464,149.3,184.7,0.02
0.5502,149.4,184.6,0.02
0.554,149.5,184.5,0.02
0.5578,149.6,184.4,0.02
0.5616,149.7,184.3,0.02
0.5654,149.8,184.2,0.02
0.5691999999999999,149.9,184.1,0.02
0.573,150.0,184.0,0.02
0.5766,149.8,184.2,0.02
0.5801999999999999,149.6,184.4,0.02
0.5838,149.4,184.6,0.02
0.5873999999999999,149.2,184.8,0.02
0.591,149.0,185.0,0.02
0.5946,148.8,185.2,0.02
0.5982,148.6,185.4,0.02
0.6018,148.4,185.6,0.02
0.6053999999999999,148.2,185.8,0.02
0.609,148.0,186.0,0.02
0.6123,148.0,185.9,0.02
0.6156,148.0,185.8,0.02
0.6189,148.0,185.7,0.02
0.6222,148.0,185.6,0.02
0.6255,148.0,185.5,0.02
0.6288,148.0,185.4,0.02
0.6321,148.0,185.3,0.02
0.6354,148.0,185.2,0.02
0.6387,148.0,185.1,0.02
0.642,148.0,185.0,0.02
0.6454,148.0,185.0,0.02
0.6488,148.0,185.0,0.02
0.6522,148.0,185.0,0.02
0.6556000000000001,148.0,185.0,0.02
0.659,148.0,185.0,0.02
0.6624,148.0,185.0,0.02
0.6658000000000001,148.0,185.0,0.02
0.6692,148.0,185.0,0.02
0.6726000000000001,148.0,185.0,0.02
0.676,148.0,185.0,0.02
0.6793,148.0,185.0,0.02
0.6826,148.0,185.0,0.02
0.6859000000000001,148.0,185.0,0.02
0.6892,148.0,185.0,0.02
0.6925,148.0,185.0,0.02
0.6958,148.0,185.0,0.02
0.6990999999999999,148.0,185.0,0.02
0.7024,148.0,185.0,0.02
0.7057,148.0,185.0,0.02
0.709,148.0,185.0,0.02
0.7122999999999999,148.0,185.0,0.02
0.7156,148.0,185.0,0.02
0.7189,148.0,185.0,0.02
0.7222,148.0,185.0,0.02
0.7255,148.0,185.0,0.02
0.7288,148.0,185.0,0.02
0.7321,148.0,185.0,0.02
0.7353999999999999,148.0,185.0,0.02
0.7387,148.0,185.0,0.02
0.742,148.0,185.0,0.02
0.7452,148.1,185.0,0.02
0.7484,148.2,185.0,0.02
0.7516,148.3,185.0,0.02
0.7548,148.4,185.0,0.02
0.758,148.5,185.0,0.02
0.7612,148.6,185.0,0.02
0.7644,148.7,185.0,0.02
0.7676000000000001,148.8,185.0,0.02
0.7708,148.9,185.0,0.02
0.774,149.0,185.0,0.02
0.7774,149.3,184.8,0.02
0.7808,149.6,184.6,0.02
0.7842,149.9,184.4,0.02
0.7876000000000001,150.2,184.2,0.02
0.791,150.5,184.0,0.02
0.7944,150.8,183.8,0.02
0.7978000000000001,151.1,183.6,0.02
0.8012,151.4,183.4,0.02
0.8046000000000001,151.7,183.2,0.02
0.808,152.0,183.0,0.02
0.8113,152.0,183.0,0.02
0.8146,152.0,183.0,0.02
0.8179000000000001,152.0,183.0,0.02
0.8212,152.0,183.0,0.02
0.8245,152.0,183.0,0.02
0.8278,152.0,183.0,0.02
0.8311,152.0,183.0,0.02
0.8344,152.0,183.0,0.02
0.8377,152.0,183.0,0.02
0.841,152.0,183.0,0.02
0.8441,152.1,182.6,0.02
0.8472,152.2,182.2,0.02
0.8503,152.3,181.8,0.02
0.8533999999999999,152.4,181.4,0.02
0.8565,152.5,181.0,0.02
0.8596,152.6,180.6,0.02
0.8627,152.7,180.2,0.02
0.8658,152.8,179.8,0.02
0.8689,152.9,179.4,0.02
0.872,153.0,179.0,0.02
0.8752,153.0,179.0,0.02
0.8784,153.0,179.0,0.02
0.8816,153.0,179.0,0.02
0.8848,153.0,179.0,0.02
0.888,153.0,179.0,0.02
0.8912,153.0,179.0,0.02
0.8944,153.0,179.0,0.02
0.8976000000000001,153.0,179.0,0.02
0.9008,153.0,179.0,0.02
0.904,153.0,179.0,0.02
0.9074,152.9,178.9,0.02
0.9108,152.8,178.8,0.02
0.9142,152.7,178.7,0.02
0.9176,152.6,178.6,0.02
0.921,152.5,178.5,0.02
0.9244,152.4,178.4,0.02
0.9278,152.3,178.3,0.02
0.9311999999999999,152.2,178.2,0.02
0.9346,152.1,178.1,0.02
0.938,152.0,178.0,0.02
0.9408,151.9,178.1,0.02
0.9436,151.8,178.2,0.02
0.9463999999999999,151.7,178.3,0.02
0.9491999999999999,151.6,178.4,0.02
0.952,151.5,178.5,0.02
0.9548,151.4,178.6,0.02
0.9576,151.3,178.7,0.02
0.9603999999999999,151.2,178.8,0.02
0.9632,151.1,178.9,0.02
0.966,151.0,179.0,0.02
0.9691,151.0,178.9,0.02
0.9722,151.0,178.8,0.02
0.9753,151.0,178.7,0.02
0.9783999999999999,151.0,178.6,0.02
0.9815,151.0,178.5,0.02
0.9846,151.0,178.4,0.02
0.9877,151.0,178.3,0.02
0.9908,151.0,178.2,0.02
0.9939,151.0,178.1,0.02
0.997,151.0,178.0,0.02
1.0004,151.3,177.9,0.02
1.0038,151.6,177.8,0.02
1.0071999999999999,151.9,177.7,0.02
1.0106,152.2,177.6,0.02
1.014,152.5,177.5,0.02
1.0173999999999999,152.8,177.4,0.02
1.0208,153.1,177.3,0.02
1.0242,153.4,177.2,0.02
1.0275999999999998,153.7,177.1,0.02
1.031,154.0,177.0,0.02
1.0342,153.9,177.0,0.02
1.0373999999999999,153.8,177.0,0.02
1.0406,153.7,177.0,0.02
1.0437999999999998,153.6,177.0,0.02
1.047,153.5,177.0,0.02
1.0502,153.4,177.0,0.02
1.0534,153.3,177.0,0.02
1.0566,153.2,177.0,0.02
1.0597999999999999,153.1,177.0,0.02
1.063,153.0,177.0,0.02
1.0661,153.0,176.9,0.02
1.0692,153.0,176.8,0.02
1.0723,153.0,176.7,0.02
1.0754,153.0,176.6,0.02
1.0785,153.0,176.5,0.02
1.0816000000000001,153.0,176.4,0.02
1.0847,153.0,176.3,0.02
1.0878,153.0,176.2,0.02
1.0909,153.0,176.1,0.02
1.094,153.0,176.0,0.02
1.0974000000000002,153.0,176.2,0.02
1.1008,153.0,176.4,0.02
1.1042,153.0,176.6,0.02
1.1076,153.0,176.8,0.02
1.111,153.0,177.0,0.02
1.1144,153.0,177.2,0.02
1.1178,153.0,177.4,0.02
1.1212,153.0,177.6,0.02
1.1245999999999998,153.0,177.8,0.02
1.128,153.0,178.0,0.02
1.1313,152.7,177.9,0.02
1.1345999999999998,152.4,177.8,0.02
1.1379,152.1,177.7,0.02
1.1412,151.8,177.6,0.02
1.1444999999999999,151.5,177.5,0.02
1.1478,151.2,177.4,0.02
1.1511,150.9,177.3,0.02
1.1544,150.6,177.2,0.02
1.1577,150.3,177.1,0.02
1.161,150.0,177.0,0.02
1.1643000000000001,150.4,176.8,0.02
1.1676,150.8,176.6,0.02
1.1709,151.2,176.4,0.02
1.1742,151.6,176.2,0.02
1.1775,152.0,176.0,0.02
1.1808,152.4,175.8,0.02
1.1841,152.8,175.6,0.02
1.1874,153.2,175.4,0.02
1.1906999999999999,153.6,175.2,0.02
1.194,154.0,175.0,0.02
1.1976,154.1,175.0,0.02
1.2012,154.2,175.0,0.02
1.2047999999999999,154.3,175.0,0.02
1.2084,154.4,175.0,0.02
1.212,154.5,175.0,0.02
1.2156,154.6,175.0,0.02
1.2192,154.7,175.0,0.02
1.2227999999999999,154.8,175.0,0.02
1.2264,154.9,175.0,0.02
1.23,155.0,175.0,0.02
1.2335,154.9,175.0,0.02
1.2369999999999999,154.8,175.0,0.02
1.2405,154.7,175.0,0.02
1.244,154.6,175.0,0.02
1.2475,154.5,175.0,0.02
1.251,154.4,175.0,0.02
1.2545,154.3,175.0,0.02
1.258,154.2,175.0,0.02
1.2614999999999998,154.1,175.0,0.02
1.265,154.0,175.0,0.02
1.2683,154.0,175.0,0.02
1.2715999999999998,154.0,175.0,0.02
1.2749,154.0,175.0,0.02
1.2782,154.0,175.0,0.02
1.2814999999999999,154.0,175.0,0.02
1.2848,154.0,175.0,0.02
1.2881,154.0,175.0,0.02
1.2914,154.0,175.0,0.02
1.2947,154.0,175.0,0.02
1.298,154.0,175.0,0.02
1.3014000000000001,154.2,174.9,0.02
1.3048,154.4,174.8,0.02
1.3082,154.6,174.7,0.02
1.3116,154.8,174.6,0.02
1.315,155.0,174.5,0.02
1.3184,155.2,174.4,0.02
1.3218,155.4,174.3,0.02
1.3252000000000002,155.6,174.2,0.02
1.3286,155.8,174.1,0.02
1.332,156.0,174.0,0.02
1.3352000000000002,155.9,174.0,0.02
1.3384,155.8,174.0,0.02
1.3416000000000001,155.7,174.0,0.02
1.3448,155.6,174.0,0.02
1.348,155.5,174.0,0.02
1.3512000000000002,155.4,174.0,0.02
1.3544,155.3,174.0,0.02
1.3576000000000001,155.2,174.0,0.02
1.3608,155.1,174.0,0.02
1.364,155.0,174.0,0.02
1.3671000000000002,155.4,174.2,0.02
1.3702,155.8,174.4,0.02
1.3733,156.2,174.6,0.02
1.3764,156.6,174.8,0.02
1.3795000000000002,157.0,175.0,0.02
1.3826,157.4,175.2,0.02
1.3857,157.8,175.4,0.02
1.3888,158.2,175.6,0.02
1.3919000000000001,158.6,175.8,0.02
1.395,159.0,176.0,0.02
1.3982,159.2,175.8,0.02
1.4014,159.4,175.6,0.02
1.4046,159.6,175.4,0.02
1.4078,159.8,175.2,0.02
1.411,160.0,175.0,0.02
1.4142000000000001,160.2,174.8,0.02
1.4174,160.4,174.6,0.02
1.4206,160.6,174.4,0.02
1.4238,160.8,174.2,0.02
1.427,161.0,174.0,0.02
1.4302000000000001,161.2,174.0,0.02
1.4334,161.4,174.0,0.02
1.4366,161.6,174.0,0.02
1.4398,161.8,174.0,0.02
1.443,162.0,174.0,0.02
1.4462000000000002,162.2,174.0,0.02
1.4494,162.4,174.0,0.02
1.4526000000000001,162.6,174.0,0.02
1.4558,162.8,174.0,0.02
1.459,163.0,174.0,0.02
1.4623000000000002,163.0,174.0,0.02
1.4656,163.0,174.0,0.02
1.4689,163.0,174.0,0.02
1.4722,163.0,174.0,0.02
1.4755,163.0,174.0,0.02
1.4788000000000001,163.0,174.0,0.02
1.4821,163.0,174.0,0.02
1.4854,163.0,174.0,0.02
1.4887,163.0,174.0,0.02
1.492,163.0,174.0,0.02
1.4953,163.0,174.0,0.02
1.4986,163.0,174.0,0.02
1.5019,163.0,174.0,0.02
1.5051999999999999,163.0,174.0,0.02
1.5085,163.0,174.0,0.02
1.5118,163.0,174.0,0.02
1.5151,163.0,174.0,0.02
1.5184,163.0,174.0,0.02
1.5216999999999998,163.0,174.0,0.02
1.525,163.0,174.0,0.02
1.5286,163.1,174.5,0.02
1.5322,163.2,175.0,0.02
1.5357999999999998,163.3,175.5,0.02
1.5393999999999999,163.4,176.0,0.02
1.543,163.5,176.5,0.02
1.5466,163.6,177.0,0.02
1.5502,163.7,177.5,0.02
1.5537999999999998,163.8,178.0,0.02
1.5574,163.9,178.5,0.02
1.561,164.0,179.0,0.02
1.5645,164.0,178.9,0.02
1.568,164.0,178.8,0.02
1.5715,164.0,178.7,0.02
1.575,164.0,178.6,0.02
1.5785,164.0,178.5,0.02
1.582,164.0,178.4,0.02
1.5855000000000001,164.0,178.3,0.02
1.589,164.0,178.2,0.02
1.5925,164.0,178.1,0.02
1.596,164.0,178.0,0.02
1.5996000000000001,164.0,178.1,0.02
1.6032,164.0,178.2,0.02
1.6068,164.0,178.3,0.02
1.6104,164.0,178.4,0.02
1.6139999999999999,164.0,178.5,0.02
1.6176,164.0,178.6,0.02
1.6212,164.0,178.7,0.02
1.6248,164.0,178.8,0.02
1.6283999999999998,164.0,178.9,0.02
1.632,164.0,179.0,0.02
1.6354,164.0,179.0,0.02
1.6387999999999998,164.0,179.0,0.02
1.6421999999999999,164.0,179.0,0.02
1.6456,164.0,179.0,0.02
1.649,164.0,179.0,0.02
1.6523999999999999,164.0,179.0,0.02
1.6558,164.0,179.0,0.02
1.6592,164.0,179.0,0.02
1.6625999999999999,164.0,179.0,0.02
1.666,164.0,179.0,0.02
1.6692,164.0,179.0,0.02
1.6723999999999999,164.0,179.0,0.02
1.6756,164.0,179.0,0.02
1.6787999999999998,164.0,179.0,0.02
1.682,164.0,179.0,0.02
1.6852,164.0,179.0,0.02
1.6884,164.0,179.0,0.02
1.6916,164.0,179.0,0.02
1.6947999999999999,164.0,179.0,0.02
1.698,164.0,179.0,0.02
1.7017,164.0,179.0,0.02
1.7054,164.0,179.0,0.02
1.7091,164.0,179.0,0.02
1.7128,164.0,179.0,0.02
1.7165,164.0,179.0,0.02
1.7202,164.0,179.0,0.02
1.7239,164.0,179.0,0.02
1.7276,164.0,179.0,0.02
1.7313,164.0,179.0,0.02
1.735,164.0,179.0,0.02
1.7384000000000002,164.2,178.7,0.02
1.7418,164.4,178.4,0.02
1.7452,164.6,178.1,0.02
1.7486,164.8,177.8,0.02
1.752,165.0,177.5,0.02
1.7554,165.2,177.2,0.02
1.7588,165.4,176.9,0.02
1.7622,165.6,176.6,0.02
1.7655999999999998,165.8,176.3,0.02
1.769,166.0,176.0,0.02
1.7728,166.0,176.0,0.02
1.7766,166.0,176.0,0.02
1.7804,166.0,176.0,0.02
1.7842,166.0,176.0,0.02
1.7879999999999998,166.0,176.0,0.02
1.7917999999999998,166.0,176.0,0.02
1.7955999999999999,166.0,176.0,0.02
1.7993999999999999,166.0,176.0,0.02
1.8032,166.0,176.0,0.02
1.807,166.0,176.0,0.02
1.8103,165.3,175.5,0.02
1.8135999999999999,164.6,175.0,0.02
1.8169,163.9,174.5,0.02
1.8202,163.2,174.0,0.02
1.8235000000000001,162.5,173.5,0.02
1.8268,161.8,173.0,0.02
1.8301,161.1,172.5,0.02
1.8334000000000001,160.4,172.0,0.02
1.8367,159.7,171.5,0.02
1.84,159.0,171.0,0.02
1.8432000000000002,159.3,171.7,0.02
1.8464,159.6,172.4,0.02
1.8496000000000001,159.9,173.1,0.02
1.8528,160.2,173.8,0.02
1.856,160.5,174.5,0.02
1.8592000000000002,160.8,175.2,0.02
1.8624,161.1,175.9,0.02
1.8656000000000001,161.4,176.6,0.02
1.8688,161.7,177.3,0.02
1.872,162.0,178.0,0.02
1.8755000000000002,162.1,178.2,0.02
1.879,162.2,178.4,0.02
1.8825,162.3,178.6,0.02
1.8860000000000001,162.4,178.8,0.02
1.8895,162.5,179.0,0.02
1.893,162.6,179.2,0.02
1.8965,162.7,179.4,0.02
1.9000000000000001,162.8,179.6,0.02
1.9035,162.9,179.8,0.02
1.907,163.0,180.0,0.02
1.9102000000000001,163.0,179.9,0.02
1.9134,163.0,179.8,0.02
1.9166,163.0,179.7,0.02
1.9198,163.0,179.6,0.02
1.923,163.0,179.5,0.02
1.9262000000000001,163.0,179.4,0.02
1.9294,163.0,179.3,0.02
1.9326,163.0,179.2,0.02
1.9358,163.0,179.1,0.02
1.939,163.0,179.0,0.02
1.9436,163.1,179.0,0.02
1.9482000000000002,163.2,179.0,0.02
1.9528,163.3,179.0,0.02
1.9574,163.4,179.0,0.02
1.9620000000000002,163.5,179.0,0.02
1.9666000000000001,163.6,179.0,0.02
1.9712,163.7,179.0,0.02
1.9758,163.8,179.0,0.02
1.9804000000000002,163.9,179.0,0.02
1.985,164.0,179.0,0.02
1.9881000000000002,164.0,178.8,0.02
1.9912,164.0,178.6,0.02
1.9943,164.0,178.4,0.02
1.9974,164.0,178.2,0.02
2.0005,164.0,178.0,0.02
2.0036,164.0,177.8,0.02
2.0067,164.0,177.6,0.02
2.0098000000000003,164.0,177.4,0.02
2.0129,164.0,177.2,0.02
2.016,164.0,177.0,0.02
2.0192,164.2,177.0,0.02
2.0224,164.4,177.0,0.02
2.0256,164.6,177.0,0.02
2.0288,164.8,177.0,0.02
2.032,165.0,177.0,0.02
2.0352,165.2,177.0,0.02
2.0384,165.4,177.0,0.02
2.0416,165.6,177.0,0.02
2.0448,165.8,177.0,0.02
2.048,166.0,177.0,0.02
2.0513,165.9,177.0,0.02
2.0546,165.8,177.0,0.02
2.0579,165.7,177.0,0.02
2.0612,165.6,177.0,0.02
2.0645,165.5,177.0,0.02
2.0678,165.4,177.0,0.02
2.0711,165.3,177.0,0.02
2.0744,165.2,177.0,0.02
2.0777,165.1,177.0,0.02
2.081,165.0,177.0,0.02
2.0843,165.0,176.9,0.02
2.0876,165.0,176.8,0.02
2.0909,165.0,176.7,0.02
2.0942,165.0,176.6,0.02
2.0975,165.0,176.5,0.02
2.1008,165.0,176.4,0.02
2.1041,165.0,176.3,0.02
2.1073999999999997,165.0,176.2,0.02
2.1107,165.0,176.1,0.02
2.114,165.0,176.0,0.02
2.1169,164.6,175.5,0.02
2.1197999999999997,164.2,175.0,0.02
2.1227,163.8,174.5,0.02
2.1256,163.4,174.0,0.02
2.1285,163.0,173.5,0.02
2.1313999999999997,162.6,173.0,0.02
2.1342999999999996,162.2,172.5,0.02
2.1372,161.8,172.0,0.02
2.1401,161.4,171.5,0.02
2.143,161.0,171.0,0.02
2.1462,161.7,170.9,0.02
2.1494,162.4,170.8,0.02
2.1525999999999996,163.1,170.7,0.02
2.1557999999999997,163.8,170.6,0.02
2.159,164.5,170.5,0.02
2.1622,165.2,170.4,0.02
2.1654,165.9,170.3,0.02
2.1685999999999996,166.6,170.2,0.02
2.1717999999999997,167.3,170.1,0.02
2.175,168.0,170.0,0.02
2.1782999999999997,168.0,170.2,0.02
2.1816,168.0,170.4,0.02
2.1849,168.0,170.6,0.02
2.1882,168.0,170.8,0.02
2.1915,168.0,171.0,0.02
2.1948,168.0,171.2,0.02
2.1981,168.0,171.4,0.02
2.2014,168.0,171.6,0.02
2.2047000000000003,168.0,171.8,0.02
2.208,168.0,172.0,0.02
2.2110000000000003,168.2,172.3,0.02
2.214,168.4,172.6,0.02
2.217,168.6,172.9,0.02
2.22,168.8,173.2,0.02
2.223,169.0,173.5,0.02
2.226,169.2,173.8,0.02
2.229,169.4,174.1,0.02
2.232,169.6,174.4,0.02
2.235,169.8,174.7,0.02
2.238,170.0,175.0,0.02
2.2411,169.9,175.1,0.02
2.2442,169.8,175.2,0.02
2.2473,169.7,175.3,0.02
2.2504,169.6,175.4,0.02
2.2535,169.5,175.5,0.02
2.2566,169.4,175.6,0.02
2.2597,169.3,175.7,0.02
2.2628,169.2,175.8,0.02
2.2659000000000002,169.1,175.9,0.02
2.269,169.0,176.0,0.02
2.2722,169.0,176.1,0.02
2.2754000000000003,169.0,176.2,0.02
2.2786,169.0,176.3,0.02
2.2818,169.0,176.4,0.02
2.285,169.0,176.5,0.02
2.2882000000000002,169.0,176.6,0.02
2.2914000000000003,169.0,176.7,0.02
2.2946,169.0,176.8,0.02
2.2978,169.0,176.9,0.02
2.301,169.0,177.0,0.02
2.3046,169.1,176.9,0.02
2.3082000000000003,169.2,176.8,0.02
2.3118000000000003,169.3,176.7,0.02
2.3154000000000003,169.4,176.6,0.02
2.319,169.5,176.5,0.02
2.3226,169.6,176.4,0.02
2.3262,169.7,176.3,0.02
2.3298,169.8,176.2,0.02
2.3334,169.9,176.1,0.02
2.337,170.0,176.0,0.02
2.3400000000000003,169.9,175.9,0.02
2.343,169.8,175.8,0.02
2.346,169.7,175.7,0.02
2.349,169.6,175.6,0.02
2.3520000000000003,169.5,175.5,0.02
2.355,169.4,175.4,0.02
2.358,169.3,175.3,0.02
2.361,169.2,175.2,0.02
2.364,169.1,175.1,0.02
2.367,169.0,175.0,0.02
2.37,169.1,175.0,0.02
2.3729999999999998,169.2,175.0,0.02
2.376,169.3,175.0,0.02
2.379,169.4,175.0,0.02
2.3819999999999997,169.5,175.0,0.02
2.385,169.6,175.0,0.02
2.388,169.7,175.0,0.02
2.391,169.8,175.0,0.02
2.3939999999999997,169.9,175.0,0.02
2.397,170.0,175.0,0.02
2.4004,170.1,174.7,0.02
2.4038,170.2,174.4,0.02
2.4072,170.3,174.1,0.02
2.4106,170.4,173.8,0.02
2.4139999999999997,170.5,173.5,0.02
2.4173999999999998,170.6,173.2,0.02
2.4208,170.7,172.9,0.02
2.4242,170.8,172.6,0.02
2.4276,170.9,172.3,0.02
2.431,171.0,172.0,0.02
2.4343,170.8,172.4,0.02
2.4376,170.6,172.8,0.02
2.4409,170.4,173.2,0.02
2.4442,170.2,173.6,0.02
2.4475,170.0,174.0,0.02
2.4508,169.8,174.4,0.02
2.4541,169.6,174.8,0.02
2.4574,169.4,175.2,0.02
2.4607,169.2,175.6,0.02
2.464,169.0,176.0,0.02
2.4674,169.2,175.9,0.02
2.4708,169.4,175.8,0.02
2.4742,169.6,175.7,0.02
2.4776000000000002,169.8,175.6,0.02
2.481,170.0,175.5,0.02
2.4844,170.2,175.4,0.02
2.4878,170.4,175.3,0.02
2.4912,170.6,175.2,0.02
2.4946,170.8,175.1,0.02
2.498,171.0,175.0,0.02
2.5015,170.9,175.0,0.02
2.5050000000000003,170.8,175.0,0.02
2.5085,170.7,175.0,0.02
2.512,170.6,175.0,0.02
2.5155000000000003,170.5,175.0,0.02
2.519,170.4,175.0,0.02
2.5225,170.3,175.0,0.02
2.526,170.2,175.0,0.02
2.5295,170.1,175.0,0.02
2.533,170.0,175.0,0.02
2.5361,170.0,175.2,0.02
2.5392,170.0,175.4,0.02
2.5423,170.0,175.6,0.02
2.5454,170.0,175.8,0.02
2.5484999999999998,170.0,176.0,0.02
2.5516,170.0,176.2,0.02
2.5547,170.0,176.4,0.02
2.5578,170.0,176.6,0.02
2.5609,170.0,176.8,0.02
2.564,170.0,177.0,0.02
2.5673,170.1,176.7,0.02
2.5706,170.2,176.4,0.02
2.5739,170.3,176.1,0.02
2.5772,170.4,175.8,0.02
2.5805,170.5,175.5,0.02
2.5838,170.6,175.2,0.02
2.5871,170.7,174.9,0.02
2.5904,170.8,174.6,0.02
2.5937,170.9,174.3,0.02
2.597,171.0,174.0,0.02
2.6004,171.0,174.0,0.02
2.6038,171.0,174.0,0.02
2.6071999999999997,171.0,174.0,0.02
2.6106,171.0,174.0,0.02
2.614,171.0,174.0,0.02
2.6174,171.0,174.0,0.02
2.6208,171.0,174.0,0.02
2.6241999999999996,171.0,174.0,0.02
2.6275999999999997,171.0,174.0,0.02
2.631,171.0,174.0,0.02
2.6340999999999997,171.1,174.2,0.02
2.6372,171.2,174.4,0.02
2.6403,171.3,174.6,0.02
2.6433999999999997,171.4,174.8,0.02
2.6464999999999996,171.5,175.0,0.02
2.6496,171.6,175.2,0.02
2.6527,171.7,175.4,0.02
2.6557999999999997,171.8,175.6,0.02
2.6589,171.9,175.8,0.02
2.662,172.0,176.0,0.02
2.6652,171.7,175.9,0.02
2.6684,171.4,175.8,0.02
2.6715999999999998,171.1,175.7,0.02
2.6748,170.8,175.6,0.02
2.678,170.5,175.5,0.02
2.6812,170.2,175.4,0.02
2.6844,169.9,175.3,0.02
2.6875999999999998,169.6,175.2,0.02
2.6908,169.3,175.1,0.02
2.694,169.0,175.0,0.02
2.6975,169.1,175.3,0.02
2.701,169.2,175.6,0.02
2.7045,169.3,175.9,0.02
2.708,169.4,176.2,0.02
2.7115,169.5,176.5,0.02
2.715,169.6,176.8,0.02
2.7185,169.7,177.1,0.02
2.722,169.8,177.4,0.02
2.7255000000000003,169.9,177.7,0.02
2.729,170.0,178.0,0.02
2.7323,170.2,177.8,0.02
2.7356000000000003,170.4,177.6,0.02
2.7389,170.6,177.4,0.02
2.7422,170.8,177.2,0.02
2.7455,171.0,177.0,0.02
2.7488,171.2,176.8,0.02
2.7521,171.4,176.6,0.02
2.7554,171.6,176.4,0.02
2.7587,171.8,176.2,0.02
2.762,172.0,176.0,0.02
2.7653,179.8,175.9,0.02
2.7686,187.6,175.8,0.02
2.7719,195.4,175.7,0.02
2.7752,203.2,175.6,0.02
2.7785,211.0,175.5,0.02
2.7818,218.8,175.4,0.02
2.7851,226.6,175.3,0.02
2.7883999999999998,234.4,175.2,0.02
2.7917,242.2,175.1,0.02
2.795,250.0,175.0,0.02
2.7986,257.9,175.3,0.02
2.8022,265.8,175.6,0.02
2.8058,273.7,175.9,0.02
2.8094,281.6,176.2,0.02
2.8129999999999997,289.5,176.5,0.02
2.8165999999999998,297.4,176.8,0.02
2.8202,305.3,177.1,0.02
2.8238,313.2,177.4,0.02
2.8274,321.1,177.7,0.02
2.831,329.0,178.0,0.02
2.8341,336.5,178.1,0.02
2.8372,344.0,178.2,0.02
2.8403,351.5,178.3,0.02
2.8434,359.0,178.4,0.02
2.8465,366.5,178.5,0.02
2.8496,374.0,178.6,0.02
2.8527,381.5,178.7,0.02
2.8558,389.0,178.8,0.02
2.8589,396.5,178.9,0.02
2.862,404.0,179.0,0.02
2.8653,411.3,178.8,0.02
2.8686000000000003,418.6,178.6,0.02
2.8719,425.9,178.4,0.02
2.8752,433.2,178.2,0.02
2.8785,440.5,178.0,0.02
2.8818,447.8,177.8,0.02
2.8851,455.1,177.6,0.02
2.8884,462.4,177.4,0.02
2.8917,469.7,177.2,0.02
2.895,477.0,177.0,0.02
2.8985,484.7,177.3,0.02
2.902,492.4,177.6,0.02
2.9055,500.1,177.9,0.02
2.9090000000000003,507.8,178.2,0.02
2.9125,515.5,178.5,0.02
2.916,523.2,178.8,0.02
2.9195,530.9,179.1,0.02
2.923,538.6,179.4,0.02
2.9265000000000003,546.3,179.7,0.02
2.93,554.0,180.0,0.02
2.9335,561.6,179.5,0.02
2.9370000000000003,569.2,179.0,0.02
2.9405,576.8,178.5,0.02
2.944,584.4,178.0,0.02
2.9475,592.0,177.5,0.02
2.951,599.6,177.0,0.02
2.9545,607.2,176.5,0.02
2.9579999999999997,614.8,176.0,0.02
2.9615,622.4,175.5,0.02
2.965,630.0,175.0,0.02
2.9684,638.1,175.3,0.02
2.9718,646.2,175.6,0.02
2.9752,654.3,175.9,0.02
2.9786,662.4,176.2,0.02
2.982,670.5,176.5,0.02
2.9854,678.6,176.8,0.02
2.9888,686.7,177.1,0.02
2.9922,694.8,177.4,0.02
2.9956,702.9,177.7,0.02
2.999,711.0,178.0,0.02
3.0026,718.3,177.9,0.02
3.0062,725.6,177.8,0.02
3.0098000000000003,732.9,177.7,0.02
3.0134000000000003,740.2,177.6,0.02
3.0170000000000003,747.5,177.5,0.02
3.0206,754.8,177.4,0.02
3.0242,762.1,177.3,0.02
3.0278,769.4,177.2,0.02
3.0314,776.7,177.1,0.02
3.035,784.0,177.0,0.02
3.0385,792.0,177.5,0.02
3.0420000000000003,800.0,178.0,0.02
3.0455,808.0,178.5,0.02
3.049,816.0,179.0,0.02
3.0525,824.0,179.5,0.02
3.056,832.0,180.0,0.02
3.0595,840.0,180.5,0.02
3.0629999999999997,848.0,181.0,0.02
3.0665,856.0,181.5,0.02
3.07,864.0,182.0,0.02
3.0734999999999997,870.8,181.5,0.02
3.077,877.6,181.0,0.02
3.0805,884.4,180.5,0.02
3.084,891.2,180.0,0.02
3.0875,898.0,179.5,0.02
3.0909999999999997,904.8,179.0,0.02
3.0945,911.6,178.5,0.02
3.098,918.4,178.0,0.02
3.1015,925.2,177.5,0.02
3.105,932.0,177.0,0.02
3.1084,938.9,177.7,0.02
3.1118,945.8,178.4,0.02
3.1151999999999997,952.7,179.1,0.02
3.1186,959.6,179.8,0.02
3.122,966.5,180.5,0.02
3.1254,973.4,181.2,0.02
3.1288,980.3,181.9,0.02
3.1321999999999997,987.2,182.6,0.02
3.1355999999999997,994.1,183.3,0.02
3.139,1001.0,184.0,0.02
3.1420999999999997,1009.5,183.5,0.02
3.1452,1018.0,183.0,0.02
3.1483,1026.5,182.5,0.02
3.1513999999999998,1035.0,182.0,0.02
3.1544999999999996,1043.5,181.5,0.02
3.1576,1052.0,181.0,0.02
3.1607,1060.5,180.5,0.02
3.1637999999999997,1069.0,180.0,0.02
3.1669,1077.5,179.5,0.02
3.17,1086.0,179.0,0.02
3.1733,1089.8,178.9,0.02
3.1766,1093.6,178.8,0.02
3.1799,1097.4,178.7,0.02
3.1832,1101.2,178.6,0.02
3.1864999999999997,1105.0,178.5,0.02
3.1898,1108.8,178.4,0.02
3.1931,1112.6,178.3,0.02
3.1963999999999997,1116.4,178.2,0.02
3.1997,1120.2,178.1,0.02
3.203,1124.0,178.0,0.02
3.2066,1124.0,178.0,0.02
3.2102,1124.0,178.0,0.02
3.2138,1124.0,178.0,0.02
3.2174,1124.0,178.0,0.02
3.221,1124.0,178.0,0.02
3.2245999999999997,1124.0,178.0,0.02
3.2281999999999997,1124.0,178.0,0.02
3.2318,1124.0,178.0,0.02
3.2354,1124.0,178.0,0.02
3.239,1124.0,178.0,0.02
3.2422,1123.9,178.1,0.02
3.2454,1123.8,178.2,0.02
3.2485999999999997,1123.7,178.3,0.02
3.2518,1123.6,178.4,0.02
3.255,1123.5,178.5,0.02
3.2582,1123.4,178.6,0.02
3.2614,1123.3,178.7,0.02
3.2645999999999997,1123.2,178.8,0.02
3.2678,1123.1,178.9,0.02
3.271,1123.0,179.0,0.02
3.2744999999999997,1123.2,178.8,0.02
3.278,1123.4,178.6,0.02
3.2815,1123.6,178.4,0.02
3.285,1123.8,178.2,0.02
3.2885,1124.0,178.0,0.02
3.292,1124.2,177.8,0.02
3.2955,1124.4,177.6,0.02
3.299,1124.6,177.4,0.02
3.3025,1124.8,177.2,0.02
3.306,1125.0,177.0,0.02
